{
  "conventional_long_name": "Federative Republic of Brazil",
  "common_name": "Brazil",
  "native_name": "{{native name|pt|Rep\u00fablica Federativa do Brasil}}",
  "image_flag": "Flag of Brazil.svg",
  "image_coat": "Coat of arms of Brazil.svg",
  "symbol_type": "Coat of arms",
  "other_symbol": "{{vunblist |''[[National Seal of Brazil|Selo Nacional do Brasil]]'' <br />|small|National Seal of Brazil| <br />[[File:National Seal of Brazil (color).svg|100px|link=National Seal of Brazil]]}} {{small|National Seal of Brazil}} <br />[[File:National Seal of Brazil (color).svg|100px|link=National Seal of Brazil]]",
  "other_symbol_type": "[[Seal (emblem)|National seal]]",
  "national_motto": "{{native name|pt|Ordem e Progresso| italics|=|off|nolink|=|yes}} <br /> {{small|\"Order and Progress\"}}",
  "national_anthem": "\"[[Brazilian National Anthem|Hino Nacional Brasileiro]]\" (Portuguese) <br /> {{small|\"Brazilian National Anthem\"}} <br /><div style=\"display:inline-block;margin-top:0.4em;\"> {{center|[[File: Hino-Nacional-Brasil-instrumental-mec.ogg]]}} </div>",
  "flag_anthem": "\"[[Brazilian Flag Anthem|Hino \u00e0 Bandeira Nacional]]\" (Portuguese) <br /> {{small|\"National Flag Anthem\"}} <br />[[File:Brazilian Flag Anthem (Brazilian Army).ogg|center]]",
  "image_map": "BRA orthographic.svg",
  "map_caption": "{{map caption |location_color|=|dark green |region|=|[[South America]] |region_color|=| grey}}",
  "capital": "[[Bras\u00edlia]]",
  "coordinates": "{{small|Coord|15|47|S|47|52|W|type:city}} {{Coord|15|47|S|47|52|W|type:city}}",
  "largest_city": "[[S\u00e3o Paulo]]<br> {{small|coord|23|33|S|46|38|W|display|=|inline}} {{coord|23|33|S|46|38|W|display|=|inline}}",
  "languages_type": "Official language<br /> {{nobold|and national language}}",
  "languages": "[[Brazilian Portuguese language|Portuguese]]",
  "ethnic_groups": "{{vunblist\n  |47.73% [[White Brazilian|White]]\n  |nowrap|43.13% [[Pardo Brazilian|Mixed]]|\n  |7.61% [[Black Brazilian|Black]]\n  |1.09% [[Asian Brazilian|Asian]]\n  |0.43% [[Indigenous peoples in Brazil|Amerindian]]}} {{nowrap|43.13% [[Pardo Brazilian|Mixed]]}}",
  "ethnic_groups_year": "2010",
  "demonym": "Brazilian",
  "government_type": "[[Federalism|Federal]] [[Presidential system|presidential]] {{nowrap|[[Constitutionalism|constitutional]] [[republic]]}}",
  "leader_title1": "[[President of Brazil|President]]",
  "leader_name1": "[[Jair Bolsonaro]]",
  "leader_title2": "[[Vice President of Brazil|Vice President]]",
  "leader_name2": "[[Hamilton Mour\u00e3o]]",
  "leader_title3": "{{nowrap|[[President of the Chamber of Deputies (Brazil)|President of the<br />Chamber of Deputies]]}}",
  "leader_name3": "[[Rodrigo Maia]]",
  "leader_title4": "[[President of the Federal Senate (Brazil)|President of the <br />Federal Senate]]",
  "leader_name4": "{{nowrap|[[Davi Alcolumbre]]}}",
  "leader_title5": "{{nowrap|[[Supreme Federal Court|President of the<br />Supreme Federal Court]]}}",
  "leader_name5": "[[Dias Toffoli]]",
  "legislature": "[[National Congress of Brazil|National Congress]]",
  "upper_house": "[[Federal Senate]]",
  "lower_house": "[[Chamber of Deputies (Brazil)|Chamber of Deputies]]",
  "sovereignty_type": "[[Independence of Brazil|Independence]]",
  "sovereignty_note": "from the [[United Kingdom of Portugal, Brazil and the Algarves]]",
  "established_event1": "[[Brazilian Independence|Declared]]",
  "established_date1": "7 September 1822",
  "established_event2": "[[Treaty of Rio de Janeiro (1825)|Recognized]]",
  "established_date2": "29 August 1825",
  "established_event3": "[[Proclamation of the Republic (Brazil)|Republic]]",
  "established_date3": "15 November 1889",
  "established_event4": "[[Treaty of Petr\u00f3polis]]",
  "established_date4": "11 November 1903",
  "established_event5": "[[Constitution of Brazil|Current constitution]]",
  "established_date5": "5 October 1988",
  "area_km2": "8515767",
  "area_label": "Total",
  "area_rank": "5th",
  "area_sq_mi": "3287597",
  "percent_water": "0.65",
  "population_estimate": "210,147,125",
  "population_estimate_year": "2019",
  "population_estimate_rank": "5th",
  "population_density_km2": "25",
  "population_density_sq_mi": "63",
  "population_density_rank": "200th",
  "GDP_PPP": "$3.495 trillion",
  "GDP_PPP_year": "2019",
  "GDP_PPP_rank": "8th",
  "GDP_PPP_per_capita": "$16,662",
  "GDP_PPP_per_capita_rank": "80th",
  "GDP_nominal": "$1.960 trillion",
  "GDP_nominal_year": "2019",
  "GDP_nominal_rank": "9th",
  "GDP_nominal_per_capita": "$9,343",
  "GDP_nominal_per_capita_rank": "73rd",
  "Gini": "53.3",
  "Gini_year": "2017",
  "Gini_change": "decrease",
  "Gini_rank": "10th",
  "HDI": "0.759",
  "HDI_year": "2017",
  "HDI_change": "increase",
  "HDI_rank": "79th",
  "currency": "[[Brazilian real|Real]] (R$)",
  "currency_code": "BRL",
  "time_zone": "[[Time in Brazil|BRT]]",
  "utc_offset": "\u22122 to \u22125",
  "date_format": "dd/mm/yyyy ([[Common Era|CE]])",
  "drives_on": "right",
  "calling_code": "[[Telephone numbers in Brazil|+55]]",
  "cctld": "[[.br]]",
  "religion_year": "2010",
  "religion": "{{ublist |item_style|=|white-space:nowrap; |64.6% [[Catholic Church in Brazil|Catholic]] |22.2% [[Protestantism in Brazil|Protestant]] |8.0% [[Irreligion]] |2.0% [[Spiritism]] |3.2% Others}}"
}