{
  "coordinates": "{{Coord|4|35|N|74|4|W|type:city}}",
  "leader_name2": "[[Marta Luc\u00eda Ram\u00edrez]]",
  "leader_name3": "Ernesto Mac\u00edas",
  "leader_name4": "[[Jos\u00e9 Luis Barcel\u00f3]]",
  "conventional_long_name": "Republic of Colombia",
  "native_name": "{{native name|es|Rep\u00fablica de Colombia}}",
  "image_flag": "Flag of Colombia.svg",
  "image_coat": "Coat of arms of Colombia.svg",
  "common_name": "Colombia",
  "national_motto": "{{native phrase|es|\"Libertad y Orden\"|italics|=|off|nolink|=|yes}}",
  "englishmotto": "{{small|\"Freedom and Order\"}}",
  "national_anthem": "{{native phrase|es|[[National Anthem of Colombia|Himno Nacional de la Rep\u00fablica de Colombia]]|nolink|=|yes}} <br /><small>( {{Lang-en|\"National Anthem of the Republic of Colombia\"}} )</small><div style=\"padding-top:0.5em;\">[[File:United States Navy Band - \u00a1Oh, gloria inmarcesible!.ogg|center]]</div>",
  "image_map": "COL orthographic (San Andr\u00e9s and Providencia special).svg",
  "map_caption": "{{map caption |location_color|=|dark green |region|=|[[South America]] |region_color|=| grey}}",
  "image_map2": "Colombia - Location Map (2013) - COL - UNOCHA.svg",
  "capital": "[[Bogot\u00e1]]",
  "largest_city": "capital",
  "official_languages": "[[Spanish language|Spanish]] <br> \n[[English language|English]] is also official in the [[archipelago of San Andr\u00e9s, Providencia and Santa Catalina]].",
  "recognized_regional_languages": "68 {{ref label|iboxa|a}}",
  "ethnic_groups": "{{vunblist\n  | 86% [[White people|White/Castizo]] and [[Mestizo Colombians|Mestizo]]\n  | 10.6% [[Afro-Colombian]]\n  | |small|(includes [[Mulatto|Mixed]])|;\n  | 3.4% [[Indigenous peoples in Colombia|Amerindian]]}} {{small|(includes [[Mulatto|Mixed]])}} ;",
  "ethnic_groups_year": "2005",
  "demonym": "[[Colombians|Colombian]]",
  "government_type": "[[Unitary state|Unitary]] [[Presidential system|presidential]] [[constitutional]] [[republic]]",
  "leader_title1": "[[President of Colombia|President]]",
  "leader_name1": "[[Iv\u00e1n Duque]]",
  "leader_title2": "[[Vice President of Colombia|Vice President]]",
  "leader_title3": "[[President of the Congress of Colombia|President of the Congress]]",
  "leader_title4": "[[Supreme Court of Justice of Colombia|President of the Supreme Court]]",
  "legislature": "[[Congress of Colombia|Congress]]",
  "upper_house": "[[Senate of Colombia|Senate]]",
  "lower_house": "[[Chamber of Representatives of Colombia|Chamber of Representatives]]",
  "established_event1": "[[Colombian Declaration of Independence|Declared]]",
  "sovereignty_type": "Independence {{nobold|from [[Spain]]}}",
  "established_event2": "Recognized",
  "established_date1": "July 20, 1810",
  "established_event4": "{{nowrap|[[Colombian Constitution of 1991|Current constitution]]}}",
  "established_date2": "August 7, 1819",
  "established_event3": "Last unitarisation",
  "established_date4": "July 4, 1991",
  "established_date3": "1886",
  "area_km2": "1,141,748",
  "area_rank": "25th",
  "area_sq_mi": "440,831",
  "percent_water": "8.8 (17th)",
  "population_estimate": "{{increase}} 48,258,494",
  "population_estimate_year": "July 2019",
  "population_estimate_rank": "29th",
  "population_density_km2": "42.23",
  "population_density_rank": "173rd",
  "population_density_sq_mi": "105.72",
  "GDP_PPP": "$791.995&nbsp;billion",
  "GDP_PPP_year": "2019",
  "GDP_PPP_rank": "31st",
  "GDP_PPP_per_capita": "$15,719",
  "GDP_nominal": "$355.163&nbsp;billion",
  "GDP_nominal_year": "2019",
  "GDP_nominal_rank": "32nd",
  "GDP_nominal_per_capita": "$7,049",
  "Gini": "49.7",
  "Gini_year": "2017",
  "Gini_change": "decrease",
  "HDI": "0.747",
  "HDI_year": "2017",
  "HDI_change": "increase",
  "HDI_rank": "90th",
  "currency": "[[Colombian peso|Peso]]",
  "currency_code": "COP",
  "time_zone": "[[Time in Colombia|COT]]",
  "utc_offset": "\u22125 {{ref label|iboxb|b}}",
  "date_format": "dd\u2212mm\u2212yyyy (CE)",
  "drives_on": "right",
  "calling_code": "[[+57]]",
  "cctld": "[[.co]]",
  "footnote_a": "{{note|iboxa}} Although the Colombian Constitution specifies Spanish (''Castellano'') as the official language in all Colombian territory, other languages spoken in the country by ethnic groups \u2013 approximately 68 languages \u2013 each is also official in its own territory. English is also official in the [[archipelago of San Andr\u00e9s, Providencia and Santa Catalina]].",
  "footnote_b": "{{note|iboxb}} The official Colombian time is controlled and coordinated by the [[National Institute of Metrology (Colombia)|National Institute of Metrology]]. Colombia is the oldest [[democracy]] in [[Latin America]], comprising thirty-two [[Departments of Colombia|departments]], with the capital in [[Bogot\u00e1]]."
}