{
  "coordinates": "{{Coord|6|46|N|58|10|W|type:city}}",
  "leader_name2": "[[Moses Nagamootoo]]",
  "conventional_long_name": "Co-operative Republic of Guyana",
  "image_flag": "Flag of Guyana.svg",
  "image_coat": "Coat of Arms of Guyana.svg",
  "common_name": "Guyana",
  "national_motto": "\"One People, One Nation, One Destiny\"",
  "national_anthem": "\"[[Dear Land of Guyana, of Rivers and Plains]]\"<br /><center>[[File:National Anthem of Guyana.ogg]]</center>",
  "image_map": "GUY orthographic.svg",
  "map_caption": "{{map caption |location_color|=|dark green |region|=|[[South America]] |region_color|=| grey}}",
  "image_map2": "Guyana - Location Map (2013) - GUY - UNOCHA.svg",
  "capital": "[[Georgetown, Guyana|Georgetown]]",
  "largest_city": "capital",
  "official_languages": "[[English language|English]]",
  "languages_type": "[[Vernacular|Vernacular<br />language]]",
  "languages": "[[Guyanese Creole]]",
  "regional_languages": "{{collapsible list\n  |titlestyle |=| background:transparent;text-align:left;font-weight:normal;\n  |title |=| 10 languages\n  |[[Kap\u00f3ng language|Akawaio]]\n  |[[Macushi language|Macushi]] |[[Waiwai language|Waiwai]] |[[Arawak language|Arawak (Lokono)]]\n  |[[Patamona language|Patamona]] |[[Warao language|Warrau]] |[[Carib language|Carib]]\n  |[[Wapishana language|Wapishana]] |[[Pemon language|Pemon (Arekuna)]]|[[Mawayana language|Mawayana]]}}",
  "languages2_type": "Other languages",
  "languages2": "{{collapsible list\n|titlestyle |=| background:transparent;text-align:left;font-weight:normal;\n|title |=| 5 languages\n|[[Caribbean Hindustani#Guyanese Hindustani|Guyanese Hindustani (Hindi-Urdu)]]\n|[[Chinese language|Chinese]]\n|[[Portuguese language|Portuguese]]\n|[[Dutch language|Dutch]]\n|[[Spanish language|Spanish]]}}",
  "ethnic_groups": "{{unbulleted list\n  | 39.8% [[Indo-Guyanese|Indian]]\n  | |nowrap|29.3% [[Afro-Guyanese|African]]|\n  | 19.9% [[Multiracial|Mixed]]<br> (including [[Dougla]])\n  |  10.5% [[Indigenous peoples in Guyana|Indigenous Amerindian]] \n  |  0.5% Others (includes [[Chinese Guyanese|Chinese]], [[White Caribbeans|European]])|ref| name=\"statisticsguyana.gov.gy\"|{{Cite web |url=http://www.statisticsguyana.gov.gy/download.php?file=93 |title=Archived copy |access-date=25 August 2018 |archive-url=https://web.archive.org/web/20180709011240/http://www.statisticsguyana.gov.gy/download.php?file=93 |archive-date=9 July 2018 |dead-url=no |df=dmy-all }}|</ref>|}} {{nowrap|29.3% [[Afro-Guyanese|African]]}}",
  "ethnic_groups_year": "2012",
  "religion": "{{vunblist |63% [[Christians|Christian]]| 24.8% [[Hinduism in Guyana|Hindu]]| 6.8% [[Islam in Guyana|Muslim]]| 2.6% Other|3.1% None|ref| name=\"statisticsguyana.gov.gy\"}}",
  "demonym": "Guyanese",
  "government_type": "[[Unitary state|Unitary]] [[Presidential system|presidential]] [[constitution]]al [[socialist state|socialist]] [[republic]]",
  "leader_title1": "[[President of Guyana|President]]",
  "leader_name1": "[[David A. Granger|David Granger]]",
  "leader_title2": "[[List of Prime Ministers of Guyana|Prime Minister]]",
  "legislature": "[[National Assembly (Guyana)|National Assembly]]",
  "established_event1": "[[Dutch colonization of the Guianas|Dutch Guiana]]",
  "sovereignty_type": "Formation",
  "established_event2": "[[British Guiana]]",
  "established_date1": "1667\u20131814",
  "established_event3": "[[Independence]] from the [[United Kingdom]] becoming [[Guyana (1966\u20131970)|Guyana]]",
  "established_date2": "1814\u20131966",
  "established_event4": "Republic",
  "established_date3": "26 May 1966",
  "established_event5": "{{nowrap|[[Constitution of Guyana|Current constitution]]}}",
  "established_date4": "23 February 1970",
  "established_date5": "6 October 1980",
  "area_km2": "214,970",
  "area_rank": "83rd",
  "area_sq_mi": "83,000",
  "percent_water": "8.4",
  "population_estimate": "783,769 {{UN_Population|ref}}",
  "population_census": "747,884",
  "population_estimate_year": "{{UN_Population|Year}}",
  "population_estimate_rank": "165th",
  "population_census_year": "2012",
  "population_density_km2": "3.502",
  "population_density_rank": "232nd",
  "population_density_sq_mi": "9.071",
  "GDP_PPP": "$6.668 billion",
  "GDP_PPP_rank": "163rd",
  "GDP_PPP_year": "2018",
  "GDP_PPP_per_capita": "$8,524",
  "GDP_PPP_per_capita_rank": "117th",
  "GDP_nominal": "$3.636 billion",
  "GDP_nominal_rank": "160th",
  "GDP_nominal_year": "2018",
  "GDP_nominal_per_capita": "$4,648",
  "GDP_nominal_per_capita_rank": "100th",
  "Gini_year": "<! --there is no update on the country's inequality index since 1998-->",
  "HDI": "0.654",
  "HDI_year": "2017",
  "HDI_change": "steady",
  "HDI_rank": "125th",
  "currency": "[[Guyanese dollar]]",
  "currency_code": "GYD",
  "time_zone": "[[Atlantic Standard Time]]",
  "utc_offset": "-4",
  "drives_on": "[[Right- and left-hand traffic|left]]",
  "calling_code": "[[+592]]",
  "cctld": "[[.gy]]"
}