{
  "conventional_long_name": "Republic of Paraguay",
  "native_name": "{{ubl|native name|es|Rep\u00fablica del Paraguay|native name|gn|Tet\u00e3 Paragu\u00e1i}} {{native name|es|Rep\u00fablica del Paraguay}} {{native name|gn|Tet\u00e3 Paragu\u00e1i}}",
  "common_name": "Paraguay",
  "image_flag": "Flag_of_Paraguay.svg",
  "flag_caption": "{{nowrap|Flag|tsp|<small>|#tag:ref |The reverse side of the Flag of Paraguay:<br/>[[File:Flag_of_Paraguay_(reverse).svg|100px|left]]|-| |group|=|\"nb\"|</small>|<!--(end nowrap:)-->}} {{tsp}} <small> {{#tag:ref |The reverse side of the Flag of Paraguay:<br/>[[File:Flag_of_Paraguay_(reverse).svg|100px|left]]|-| |group|=|\"nb\"}} </small> {{-}}",
  "image_coat": "Coat of arms of Paraguay.svg",
  "symbol_type": "{{nowrap|[[Coat of arms of Paraguay|Seal]]|tsp|#tag:ref |The reverse side of the National Seal of Paraguay:<br/>[[File:Coat of arms of Paraguay (reverse).svg|100px|left]]|-| |group|=|\"nb\"|<!--(end nowrap:)-->}} {{tsp}} {{#tag:ref |The reverse side of the National Seal of Paraguay:<br/>[[File:Coat of arms of Paraguay (reverse).svg|100px|left]]|-| |group|=|\"nb\"}} {{-}}",
  "image_map": "PRY orthographic.svg",
  "map_caption": "{{map caption |location_color|=|dark green |region|=|[[South America]] |region_color|=| grey}}",
  "image_map2": "Paraguay - Location Map (2012) - PRY - UNOCHA.svg",
  "national_motto": "{{native phrase|es|\"Paz y justicia\"|italics|=|off|nolink|=|on}} <br/> {{small|\"Peace and justice\"}}",
  "national_anthem": "<br/> {{native name|es|[[Paraguayan National Anthem|Himno Nacional Paraguayo]]|nolink|=|on}} <br/> {{small|''Paraguayan National Anthem''}} <div style=\"padding-top:0.5em;\">[[File:Paraguayan National Anthem.oga|center]]</div>",
  "languages_type": "[[Official language]]s",
  "official_languages": "{{hlist |[[Paraguayan Spanish|Spanish]] | [[Guarani language|Guarani]]}}",
  "demonym": "Paraguayan<br>Guaran\u00ed (colloquial)",
  "ethnic_groups": "{{unbulleted list\n | 95% [[Mestizo]]/[[White people|White]]<sup>a</sup>\n | 5% Other}}",
  "ethnic_groups_year": "2016",
  "capital": "[[Asunci\u00f3n]]",
  "coordinates": "{{Coord|25|16|S|57|40|W|type:city}}",
  "largest_city": "Asunci\u00f3n",
  "religion_year": "2017",
  "religion": "{{ublist |item_style|=|white-space:nowrap; |89% [[Roman Catholicism]] |5% [[Protestantism|Protestant]] |4% [[Irreligion|Non-religious]] |2% Other}}",
  "government_type": "[[Unitary state|Unitary]] [[Dominant-party system|dominant-party]] [[Presidential system|presidential]] [[republic]]",
  "leader_title1": "[[President of Paraguay|President]]",
  "leader_name1": "[[Mario Abdo Ben\u00edtez]]",
  "leader_title2": "[[Vice President of Paraguay|Vice President]]",
  "leader_name2": "[[Hugo Vel\u00e1zquez Moreno|Hugo Vel\u00e1zquez]]",
  "leader_title3": "[[List of Presidents of the Senate of Paraguay|Senate President]]",
  "leader_name3": "Silvio Ovelar",
  "legislature": "[[Congress of Paraguay|Congress]]",
  "upper_house": "[[Senate of Paraguay|Senate]]",
  "lower_house": "[[Chamber of Deputies of Paraguay|Chamber of Deputies]]",
  "area_rank": "59th",
  "area_km2": "406752",
  "percent_water": "2.3",
  "population_estimate": "7,152,703",
  "population_estimate_rank": "104th",
  "population_estimate_year": "2019",
  "population_density_km2": "17.58",
  "population_density_sq_mi": "39",
  "population_density_rank": "210th",
  "GDP_PPP": "$101.075 billion",
  "GDP_PPP_rank": "88th",
  "GDP_PPP_year": "2019",
  "GDP_PPP_per_capita": "$14,131",
  "GDP_PPP_per_capita_rank": "96th",
  "GDP_nominal_year": "2019",
  "GDP_nominal": "$44.557 billion",
  "GDP_nominal_rank": "94th",
  "GDP_nominal_per_capita": "$6,229",
  "GDP_nominal_per_capita_rank": "94th",
  "sovereignty_type": "Independence {{nobold|from [[Spain]]}}",
  "established_event1": "Declared",
  "established_date1": "14 May 1811",
  "established_event2": "Recognized",
  "established_date2": "25 November 1842",
  "established_event3": "[[United Nations Charter|Admitted to the]] [[United Nations]]",
  "established_date3": "24 October 1945",
  "Gini_year": "2017",
  "Gini_change": "increase",
  "Gini": "48.8",
  "HDI_year": "2017",
  "HDI_change": "steady",
  "HDI": "0.702",
  "HDI_rank": "110th",
  "currency": "[[Paraguayan guaran\u00ed|Guaran\u00ed]]",
  "currency_code": "PYG",
  "time_zone": "[[UTC\u20134|PYT]]",
  "utc_offset": "\u20134",
  "time_zone_DST": "[[Daylight saving time in Paraguay|PYST]]",
  "utc_offset_DST": "\u20133",
  "drives_on": "right",
  "calling_code": "[[+595]]",
  "cctld": "[[.py]]",
  "footnote_a": "Mixed European and [[Amerindian]]."
}