{
  "conventional_long_name": "Republic of Peru",
  "native_name": "{{small|nobold|native name|es|Rep\u00fablica del Per\u00fa}} {{nobold|native name|es|Rep\u00fablica del Per\u00fa}} {{native name|es|Rep\u00fablica del Per\u00fa}}",
  "common_name": "Peru",
  "name": "{{collapsible list\n |titlestyle |=| background:transparent;line-height:normal;text-align:center;font-size:84%;\n |title      |=| |resize|1.0 em|Co-official names|efn|name|=|a|In Peru, [[Languages of Peru|other languages]] have been officially recognised as legitimate [[Indigenous language|autochthonous languages]]. In each of these,\n Peru's official name (|lang-es|Rep\u00fablica del Per\u00fa|links|=|no|, pronounced: |IPA-es|re\u02c8pu\u03b2lika \u00f0el pe\u02c8\u027eu|) is as follows:\n* |lang-qu|Piruw Republika|<!-- , {{IPA-xx|xx|IPA}} -->|\n* |lang-ay|Piruw Suyu|<!-- , {{IPA-xx|xx|IPA}} -->|\n|Infobox\n |subbox|=|yes\n |bodystyle|=|font-size:80%;font-weight:normal;\n |rowclass1 |=|mergedrow\n |label1|=|[[Quechua language|Quechua]]:\n |data1|=|lang|qu|Piruw Republika|\n |rowclass2 |=| mergedrow\n |label2|=|[[Aymara language|Aymara]]:\n |data2|=|lang|ay|Piruw Suyu|\n|}} {{resize|1.0 em|Co-official names}} {{efn|name|=|a|In Peru, [[Languages of Peru|other languages]] have been officially recognised as legitimate [[Indigenous language|autochthonous languages]]. In each of these,\n Peru's official name (|lang-es|Rep\u00fablica del Per\u00fa|links|=|no|, pronounced: |IPA-es|re\u02c8pu\u03b2lika \u00f0el pe\u02c8\u027eu|) is as follows:\n* |lang-qu|Piruw Republika|<!-- , {{IPA-xx|xx|IPA}} -->|\n* |lang-ay|Piruw Suyu|<!-- , {{IPA-xx|xx|IPA}} -->}} {{lang-es|Rep\u00fablica del Per\u00fa|links|=|no}} , pronounced: {{IPA-es|re\u02c8pu\u03b2lika \u00f0el pe\u02c8\u027eu}} ) is as follows:\n* {{lang-qu|Piruw Republika}} * {{lang-ay|Piruw Suyu}} {{Infobox\n |subbox|=|yes\n |bodystyle|=|font-size:80%;font-weight:normal;\n |rowclass1 |=|mergedrow\n |label1|=|[[Quechua language|Quechua]]:\n |data1|=|lang|qu|Piruw Republika|\n |rowclass2 |=| mergedrow\n |label2|=|[[Aymara language|Aymara]]:\n |data2|=|lang|ay|Piruw Suyu|}} {{lang|qu|Piruw Republika}} {{lang|ay|Piruw Suyu}}",
  "image_flag": "Flag of Peru.svg",
  "image_coat": "Escudo_nacional_del_Per\u00fa.svg",
  "other_symbol": "<div style=\"padding:0.3em;\">[[File:Gran Sello de la Rep\u00fablica del Per\u00fa.svg|100px|link=Great Seal of the State]]</div> {{native phrase|es|[[Coat of arms of Peru#Variants|Gran Sello del Estado]]|nolink|=|on}} <br /><small>Great Seal of the State</small>",
  "other_symbol_type": "[[Seal (device)|National seal]]",
  "national_motto": "<br />''\"[[Firme y feliz por la uni\u00f3n]]\"'' <small>([[Spanish language|Spanish]])<br />\"Firm and Happy for the Union\"</small>",
  "national_anthem": "<br /> {{native name|es|\"[[National Anthem of Peru|Himno Nacional de Per\u00fa]]\"|nolink|=|on}} <br /> {{small|\"National  Anthem of Peru\"}} <br /> {{center|[[File:United States Navy Band - Marcha Nacional del Per\u00fa.ogg]]}} ---- {{vunblist |'''March:'''<br />''\"[[Marcha de Banderas]]\"'' <small>(Spanish)<br />\"March of Flags\"</small><br /><center>[[File:Marcha_de_banderas_(Jos\u00e9_Sabas_Libornio_Ibarra,_1895).ogg]]</center>}}",
  "image_map": "PER_orthographic.svg",
  "image_map2": "Peru_-_Location_Map_(2011)_-_PER_-_UNOCHA.svg",
  "capital": "[[Lima]]",
  "coordinates": "{{Coord|12|2.6|S|77|1.7|W|type:city}}",
  "largest_city": "[[Lima]]",
  "languages_type": "[[Official language]]",
  "languages": "[[Peruvian Spanish|Spanish]]",
  "languages2_type": "Co-official languages {{efn|name|=|a}}",
  "languages2": "{{unbulleted list\n  | [[Quechuan languages|Quechua]]\n  | [[Aymara language|Aymara]]\n  | [[Languages of Peru|Other indigenous languages]]}}",
  "ethnic_groups": "{{Collapsible list\n        |titlestyle |=| background:transparent;text-align:left;font-weight:normal;font-size:100%;\n        |title |=| List of [[Demographics_of_Peru#Ethnic_groups|ethnic groups]]|plainlist|\n*  |percent|13,965,254|23,196,391|2|pad|=|yes| [[Mestizo]]/[[multiracial|mixed]]\n*  |percent|5,985,491|23,196,391|2|pad|=|yes| [[Indigenous peoples in Peru|Amerindian]]\n* \u2014|percent|5,774,879|23,196,391|2|pad|=|yes| [[Classification of indigenous peoples of the Americas#Andes|Andean]]\n*  \u2014\u2014|percent|5,176,809|23,196,391|2|pad|=|yes| [[Quechua people|Quechua]]\n*  \u2014\u2014|percent|548,232|23,196,391|2|pad|=|yes| [[Aymara people|Aymara]]\n*  \u2014\u2014|percent|49,838|23,196,391|2|pad|=|yes| Other\n* \u2014|percent|210,612|23,196,391|2|pad|=|yes| [[Classification_of_indigenous_peoples_of_the_Americas#Amazon|Amazonian]]\n*  \u2014\u2014|percent|55,489|23,196,391|2|pad|=|yes| [[Ash\u00e1ninka]]\n*  \u2014\u2014|percent|37,690|23,196,391|2|pad|=|yes| [[Aguaruna people|Aguaruna]]\n*  \u2014\u2014|percent|25,222|23,196,391|2|pad|=|yes| [[Shipibo-Conibo people|Shipibo]]\n*  \u2014\u2014|percent|12,945|23,196,391|2|pad|=|yes| [[Chayahuita language|Chayahuita]]\n*  \u2014\u2014|percent|79,266|23,196,391|2|pad|=|yes| Other\n*  |percent|1,366,931|23,196,391|2|pad|=|yes| [[Peruvians of European descent|White]]\n*  |percent|828,841|23,196,391|2|pad|=|yes| [[Afro-Peruvian|Black]]\n*  |percent|36,841|23,196,391|2|pad|=|yes| [[Asian Peruvians|Asian]]\n* \u2014|percent|22,534|23,196,391|2|pad|=|yes| [[Japanese Peruvians|Nikkei]]\n* \u2014|percent|14,307|23,196,391|2|pad|=|yes| [[Chinese Peruvians|Tusan]]\n*  |percent|241,947|23,196,391|2|pad|=|yes| Other\n*  |percent|771,026|23,196,391|2|pad|=|yes| No answer}} {{plainlist|\n*  |percent|13,965,254|23,196,391|2|pad|=|yes| [[Mestizo]]/[[multiracial|mixed]]\n*  |percent|5,985,491|23,196,391|2|pad|=|yes| [[Indigenous peoples in Peru|Amerindian]]\n* \u2014|percent|5,774,879|23,196,391|2|pad|=|yes| [[Classification of indigenous peoples of the Americas#Andes|Andean]]\n*  \u2014\u2014|percent|5,176,809|23,196,391|2|pad|=|yes| [[Quechua people|Quechua]]\n*  \u2014\u2014|percent|548,232|23,196,391|2|pad|=|yes| [[Aymara people|Aymara]]\n*  \u2014\u2014|percent|49,838|23,196,391|2|pad|=|yes| Other\n* \u2014|percent|210,612|23,196,391|2|pad|=|yes| [[Classification_of_indigenous_peoples_of_the_Americas#Amazon|Amazonian]]\n*  \u2014\u2014|percent|55,489|23,196,391|2|pad|=|yes| [[Ash\u00e1ninka]]\n*  \u2014\u2014|percent|37,690|23,196,391|2|pad|=|yes| [[Aguaruna people|Aguaruna]]\n*  \u2014\u2014|percent|25,222|23,196,391|2|pad|=|yes| [[Shipibo-Conibo people|Shipibo]]\n*  \u2014\u2014|percent|12,945|23,196,391|2|pad|=|yes| [[Chayahuita language|Chayahuita]]\n*  \u2014\u2014|percent|79,266|23,196,391|2|pad|=|yes| Other\n*  |percent|1,366,931|23,196,391|2|pad|=|yes| [[Peruvians of European descent|White]]\n*  |percent|828,841|23,196,391|2|pad|=|yes| [[Afro-Peruvian|Black]]\n*  |percent|36,841|23,196,391|2|pad|=|yes| [[Asian Peruvians|Asian]]\n* \u2014|percent|22,534|23,196,391|2|pad|=|yes| [[Japanese Peruvians|Nikkei]]\n* \u2014|percent|14,307|23,196,391|2|pad|=|yes| [[Chinese Peruvians|Tusan]]\n*  |percent|241,947|23,196,391|2|pad|=|yes| Other\n*  |percent|771,026|23,196,391|2|pad|=|yes| No answer}} {{percent|13,965,254|23,196,391|2|pad|=|yes}} [[Mestizo]]/[[multiracial|mixed]]\n* {{percent|5,985,491|23,196,391|2|pad|=|yes}} [[Indigenous peoples in Peru|Amerindian]]\n* \u2014 {{percent|5,774,879|23,196,391|2|pad|=|yes}} [[Classification of indigenous peoples of the Americas#Andes|Andean]]\n*  \u2014\u2014 {{percent|5,176,809|23,196,391|2|pad|=|yes}} [[Quechua people|Quechua]]\n*  \u2014\u2014 {{percent|548,232|23,196,391|2|pad|=|yes}} [[Aymara people|Aymara]]\n*  \u2014\u2014 {{percent|49,838|23,196,391|2|pad|=|yes}} Other\n* \u2014 {{percent|210,612|23,196,391|2|pad|=|yes}} [[Classification_of_indigenous_peoples_of_the_Americas#Amazon|Amazonian]]\n*  \u2014\u2014 {{percent|55,489|23,196,391|2|pad|=|yes}} [[Ash\u00e1ninka]]\n*  \u2014\u2014 {{percent|37,690|23,196,391|2|pad|=|yes}} [[Aguaruna people|Aguaruna]]\n*  \u2014\u2014 {{percent|25,222|23,196,391|2|pad|=|yes}} [[Shipibo-Conibo people|Shipibo]]\n*  \u2014\u2014 {{percent|12,945|23,196,391|2|pad|=|yes}} [[Chayahuita language|Chayahuita]]\n*  \u2014\u2014 {{percent|79,266|23,196,391|2|pad|=|yes}} Other\n* {{percent|1,366,931|23,196,391|2|pad|=|yes}} [[Peruvians of European descent|White]]\n* {{percent|828,841|23,196,391|2|pad|=|yes}} [[Afro-Peruvian|Black]]\n* {{percent|36,841|23,196,391|2|pad|=|yes}} [[Asian Peruvians|Asian]]\n* \u2014 {{percent|22,534|23,196,391|2|pad|=|yes}} [[Japanese Peruvians|Nikkei]]\n* \u2014 {{percent|14,307|23,196,391|2|pad|=|yes}} [[Chinese Peruvians|Tusan]]\n* {{percent|241,947|23,196,391|2|pad|=|yes}} Other\n* {{percent|771,026|23,196,391|2|pad|=|yes}} No answer",
  "ethnic_groups_year": "[[2017 Peru Census|2017]] {{efn|name|=|b|The [[2017 Peru Census|2017 National Census]] included, for the first time, a question of [[Ethnic identity|ethnic self-identification]] that was addressed to people aged 12 and over considering elements such as their ancestry, their customs and their family origin in order to visualize and better understand the cultural reality of the country.}}",
  "demonym": "Peruvian",
  "government_type": "[[Unitary state|Unitary]] [[Semi-presidential system|semi-presidential]] [[republic]]",
  "leader_title1": "[[President of Peru|President]]",
  "leader_name1": "[[Mart\u00edn Vizcarra]]",
  "leader_title2": "[[Vice President of Peru|Vice President]]",
  "leader_name2": "[[Mercedes Ar\u00e1oz]]",
  "leader_title4": "[[Prime Minister of Peru|Prime Minister]]",
  "leader_name4": "[[Salvador del Solar]]",
  "legislature": "[[Congress of the Republic of Peru|Congress of the Republic]]",
  "sovereignty_type": "[[Peruvian War of Independence|Independence]]",
  "sovereignty_note": "from the [[History of Spain (1814-1873)|Kingdom of Spain]]",
  "established_event1": "[[Peruvian War of Independence|Declared]]",
  "established_date1": "28 July 1821",
  "established_event2": "[[Battle of Ayacucho|Consolidated]]",
  "established_date2": "9 December 1824",
  "established_event3": "Recognized",
  "established_date3": "14 August 1879",
  "area_km2": "1,285,216",
  "area_rank": "19th",
  "area_sq_mi": "496,225",
  "percent_water": "0.41",
  "population_estimate": "33,105,273",
  "population_census": "31,237,385",
  "population_estimate_year": "2019",
  "population_estimate_rank": "41st",
  "population_census_year": "2017",
  "population_density_km2": "23",
  "population_density_sq_mi": "57",
  "population_density_rank": "198th",
  "GDP_PPP": "$487.417&nbsp;billion",
  "GDP_PPP_year": "2019",
  "GDP_PPP_rank": "36th",
  "GDP_PPP_per_capita": "$14,252",
  "GDP_PPP_per_capita_rank": "85th",
  "GDP_nominal": "$239.218&nbsp;billion",
  "GDP_nominal_year": "2019",
  "GDP_nominal_rank": "41st",
  "GDP_nominal_per_capita": "$7,118",
  "GDP_nominal_per_capita_rank": "80th",
  "Gini": "43.3",
  "Gini_year": "2017",
  "Gini_change": "decrease",
  "HDI": "0.750",
  "HDI_year": "2017",
  "HDI_change": "increase",
  "HDI_rank": "89th",
  "currency": "[[Peruvian sol|Sol]]",
  "currency_code": "PEN",
  "time_zone": "[[Time in Peru|PET]]",
  "utc_offset": "\u22125",
  "date_format": "dd.mm.yyyy ([[Common Era|CE]])",
  "drives_on": "right",
  "calling_code": "[[+51]]",
  "iso3166code": "PE",
  "cctld": "[[.pe]]",
  "religion": "{{Collapsible list\n  |titlestyle |=| background:transparent;text-align:left;font-weight:normal;font-size:100%;\n  |title |=| List of [[Religion in Peru|religions]]|plainlist|\n*  |percent|17,635,339|23,196,391|2|pad|=|yes| [[Roman Catholicism|Roman Catholic]]\n*  |percent|4,286,541|23,196,391|2|pad|=|yes| [[Protestantism|Protestant]]\n* \u2014|percent|3,264,819|23,196,391|2|pad|=|yes| [[Evangelicalism|Evangelical]]\n*  \u2014|percent|381,031|23,196,391|2|pad|=|yes| [[Nondenominational Christianity|Non-denominational Christian]]\n*  \u2014|percent|353,430|23,196,391|2|pad|=|yes| [[Adventism|Adventist]]\n*  \u2014|percent|173,602|23,196,391|2|pad|=|yes| [[Jehovah's Witnesses|Jehovah's Witness]]\n* \u2014|percent|113,659|23,196,391|2|pad|=|yes| [[Mormonism|Mormon]]\n*  |percent|1,180,361|23,196,391|2|pad|=|yes| [[Irreligion|Non-religious]]\n*  |percent|94,150|23,196,391|2|pad|=|yes| Others}} {{plainlist|\n*  |percent|17,635,339|23,196,391|2|pad|=|yes| [[Roman Catholicism|Roman Catholic]]\n*  |percent|4,286,541|23,196,391|2|pad|=|yes| [[Protestantism|Protestant]]\n* \u2014|percent|3,264,819|23,196,391|2|pad|=|yes| [[Evangelicalism|Evangelical]]\n*  \u2014|percent|381,031|23,196,391|2|pad|=|yes| [[Nondenominational Christianity|Non-denominational Christian]]\n*  \u2014|percent|353,430|23,196,391|2|pad|=|yes| [[Adventism|Adventist]]\n*  \u2014|percent|173,602|23,196,391|2|pad|=|yes| [[Jehovah's Witnesses|Jehovah's Witness]]\n* \u2014|percent|113,659|23,196,391|2|pad|=|yes| [[Mormonism|Mormon]]\n*  |percent|1,180,361|23,196,391|2|pad|=|yes| [[Irreligion|Non-religious]]\n*  |percent|94,150|23,196,391|2|pad|=|yes| Others}} {{percent|17,635,339|23,196,391|2|pad|=|yes}} [[Roman Catholicism|Roman Catholic]]\n* {{percent|4,286,541|23,196,391|2|pad|=|yes}} [[Protestantism|Protestant]]\n* \u2014 {{percent|3,264,819|23,196,391|2|pad|=|yes}} [[Evangelicalism|Evangelical]]\n*  \u2014 {{percent|381,031|23,196,391|2|pad|=|yes}} [[Nondenominational Christianity|Non-denominational Christian]]\n*  \u2014 {{percent|353,430|23,196,391|2|pad|=|yes}} [[Adventism|Adventist]]\n*  \u2014 {{percent|173,602|23,196,391|2|pad|=|yes}} [[Jehovah's Witnesses|Jehovah's Witness]]\n* \u2014 {{percent|113,659|23,196,391|2|pad|=|yes}} [[Mormonism|Mormon]]\n* {{percent|1,180,361|23,196,391|2|pad|=|yes}} [[Irreligion|Non-religious]]\n* {{percent|94,150|23,196,391|2|pad|=|yes}} Others",
  "religion_year": "[[2017 Peru Census|2017]] {{efn|name|=|c| The question about [[religion]] included in the [[2017 Peru Census|2017 National Census]] was addressed to people aged 12 and over.}}"
}