{
  "conventional_long_name": "Republic of Suriname",
  "common_name": "Suriname",
  "native_name": "{{native name|nl|Republiek Suriname}}",
  "image_flag": "Flag of Suriname.svg",
  "image_coat": "Coat of arms of Suriname.svg",
  "national_motto": "{{native phrase|la|\"[[Justitia]] \u2013 [[Pietas]] \u2013 [[Faith|Fides]]\"|italics|=|off}} <br /> {{small|\"Justice \u2013 Piety \u2013 Trust\"}} <br /> {{small|native phrase|nl|Gerechtigheid \u2013 Vroomheid \u2013 Vertrouwen|italics|=|on}} {{native phrase|nl|Gerechtigheid \u2013 Vroomheid \u2013 Vertrouwen|italics|=|on}}",
  "national_anthem": "{{native name|nl|[[God zij met ons Suriname]]|nolink|=|on}} <br/>( {{Lang-en|\"God be with our Suriname\"}} )",
  "image_map": "SUR orthographic.svg",
  "map_caption": "{{map caption |location_color|=|dark green |region|=|South America |region_color|=| grey}}",
  "image_map2": "Suriname - Location Map (2013) - SUR - UNOCHA.svg",
  "capital": "[[Paramaribo]]",
  "coordinates": "{{Coord|5|50|N|55|10|W|type:city}}",
  "largest_city": "[[Paramaribo]]",
  "official_languages": "[[Surinamese Dutch|Dutch]]",
  "regional_languages": "{{collapsible list\n |titlestyle |=| background:transparent;text-align:left;font-weight:normal;\n |title |=| 8 languages\n                     |[[Akurio language|Akurio]]\n                     |[[Arawak language|Arawak-Lokono]]\n                     | [[Carib language|Carib-Kari'nja]]\n                     | [[Sikiana language|Sikiana-Kashuyana]]\n                     | [[Tiriy\u00f3 language|Tiro-Tiriy\u00f3]]\n                     | [[Waiwai language|Waiwai]]\n                     | [[Warao language|Warao]]\n                     | [[Wayana language|Wayana]]}}",
  "ethnic_groups": "{{unbulleted list\n | 27.4% [[Indo-Surinamese|Indian]]\n | 21.7% [[Maroon (people)#French Guiana and Suriname|Maroon]]\n | 15.7% [[Creole peoples#Caribbean|Creole]]|ref|{{citation |url=http://history.rutgers.edu/honors-papers-2015/1302-sode-honors-thesis-2015/file|title=Suriname: An Asian Immigrant and the Organic Creation of the Caribbean's Most Unique Fusion Culture |archiveurl=https://web.archive.org/web/20170220092458/http://history.rutgers.edu/honors-papers-2015/1302-sode-honors-thesis-2015/file |archivedate=20 February 2017 |accessdate=19 July 2017 }}|</ref>|\n | 13.7% [[Javanese Surinamese|Javanese]]\n | 13.4% [[Multiracial|Mixed]] |small|(incl. [[Dougla]]s)|\n | 3.8% [[Indigenous peoples in Suriname|Indigenous Amerindian]]\n | 1.5% [[Chinese Surinamese|Chinese]]|ref|{{cite web |url=https://unstats.un.org/unsd/demographic/sources/census/2010_PHC/Suriname/SUR-Census2012-vol1.pdf |archive-url=https://web.archive.org/web/20140629112522/https://unstats.un.org/unsd/demographic/sources/census/2010_PHC/Suriname/SUR-Census2012-vol1.pdf |dead-url=yes |archive-date=2014-06-29 |title=Censusstatistieken 2012 |work=Algemeen Bureau voor de Statistiek in Suriname (General Statistics Bureau of Suriname)  |page=76}}|</ref>|ref|{{cite web|url=https://www.cia.gov/library/publications/the-world-factbook/geos/ns.html|title=The World Factbook \u2013 Central Intelligence Agency|website=cia.gov}}|</ref>|\n | 1% [[White Surinamese|European]] \n | 1.8% [[Demographics of Suriname#Ethnic groups|Others]]|ref| name=\"Census\"|ref| name=\"statistics-suriname1\"|{{cite web |url=http://www.statistics-suriname.org/index.php/statistieken/downloads/category/30-censusstatistieken-2012 |title=Census statistieken 2012 |publisher=Statistics-suriname.org |accessdate=13 July 2014 |archive-url=https://web.archive.org/web/20141113143359/http://www.statistics-suriname.org/index.php/statistieken/downloads/category/30-censusstatistieken-2012 |archive-date=13 November 2014 |dead-url=yes |df=dmy-all }}|</ref>|ref|{{cite journal |title= Definitieve Resultaten (Vol I) Etniciteit |journal= Presentatie Evaluatie Rapport CENSUS 8 |pages= 42 }}|</ref>|}} {{small|(incl. [[Dougla]]s)}}",
  "ethnic_groups_year": "2012",
  "religion": "{{vunblist |48.4% [[Christianity|Christian]]| 22.3% [[Hinduism in Suriname|Hindu]]| 13.9% [[Islam in Suriname|Muslim]]| 1.8% [[Winti]]| 0.8% [[Kejaw\u00e8n]]| 2.1% [[Religion in Suriname|Other]] <br />|small|(incl. [[Native American religion|Indigenous Amerindian beliefs]], [[History of the Jews in Suriname|Jewish]], [[Buddhism|Buddhist]], [[Bah\u00e1'\u00ed]])| 7.5% [[Irreligion|None]]| 3.2% Not stated|ref| name=\"CENSUS2012\"}} {{small|(incl. [[Native American religion|Indigenous Amerindian beliefs]], [[History of the Jews in Suriname|Jewish]], [[Buddhism|Buddhist]], [[Bah\u00e1'\u00ed]])}}",
  "demonym": "Surinamese",
  "government_type": "[[Unitary state|Unitary]] [[parliamentary republic]]",
  "leader_title1": "[[President of Suriname|President]]",
  "leader_name1": "[[D\u00e9si Bouterse]]",
  "leader_title2": "[[Vice President of Suriname|Vice President]]",
  "leader_name2": "[[Ashwin Adhin]]",
  "legislature": "[[National Assembly (Suriname)|National Assembly]]",
  "sovereignty_type": "Independence",
  "established_event1": "[[Suriname (Kingdom of the Netherlands)|constituent country]] within the [[Kingdom of the Netherlands]]",
  "established_date1": "15 December 1954",
  "established_event2": "from the Kingdom of the Netherlands",
  "established_date2": "25 November 1975",
  "established_event3": "Current constitution",
  "established_date3": "30 September 1987",
  "area_km2": "163,821",
  "area_rank": "90th",
  "area_sq_mi": "63,251",
  "percent_water": "1.1",
  "population_estimate": "{{UN_Population|Suriname}} {{UN_Population|ref}}",
  "population_census": "541,638",
  "population_estimate_year": "July {{UN_Population|Year}}",
  "population_estimate_rank": "166th",
  "population_census_year": "2012",
  "population_density_km2": "2.9",
  "population_density_sq_mi": "7.6",
  "population_density_rank": "231st",
  "GDP_PPP": "$9.044&nbsp;billion",
  "GDP_PPP_year": "2019",
  "GDP_PPP_per_capita": "$15,845",
  "GDP_nominal": "$4.110&nbsp;billion",
  "GDP_nominal_year": "2019",
  "GDP_nominal_per_capita": "$6,881",
  "HDI": "0.720",
  "HDI_year": "2017",
  "HDI_change": "steady",
  "HDI_rank": "100th",
  "currency": "[[Surinamese dollar]]",
  "currency_code": "SRD",
  "time_zone": "SRT",
  "utc_offset": "-3",
  "drives_on": "[[Right- and left-hand traffic|left]]",
  "calling_code": "[[+597]]",
  "cctld": "[[.sr]]",
  "languages_type": "Other languages",
  "languages": "{{collapsible list\n |titlestyle |=| background:transparent;text-align:left;font-weight:normal;\n |title |=| 11 languages\n | [[Sranan Tongo]]\n | [[Caribbean Hindustani#Sarnami Hindustani|Sarnami Hindustani (Hindi-Urdu)]]\n | [[Javanese language|Javanese]]\n | [[Ndyuka language|Ndyuka]]\n | [[Saramaccan language|Saramaccan]]\n|[[Kwinti language|Kwinti]]\n |[[Chinese language|Chinese]]\n | [[English language|English]]\n| [[Portuguese language|Portuguese]]\n| [[French language|French]]\n| [[Spanish language|Spanish]]}}"
}