{
  "conventional_long_name": "Oriental Republic of Uruguay",
  "common_name": "Uruguay",
  "native_name": "{{native name|es|Rep\u00fablica Oriental del Uruguay<wbr />}}",
  "image_flag": "Flag of Uruguay.svg",
  "image_coat": "Coat of arms of Uruguay.svg",
  "national_motto": "{{native phrase|es|\"Libertad o Muerte\"|italics|=|off|nolink|=|on}} <br />( {{Lang-en|\"Freedom or Death\"}} )",
  "national_anthem": "\"[[National Anthem of Uruguay|Himno Nacional de Uruguay]]\"<br />( {{Lang-en|\"National Anthem of Uruguay\"}} )<div style=\"padding-top:0.5em;\">[[File:United_States_Navy_Band_-_National_Anthem_of_Uruguay_(complete).ogg|center]]</div>",
  "image_map": "URY orthographic.svg",
  "map_width": "220px",
  "map_caption": "{{map caption |location_color|=|dark green |region|=|[[South America]] |region_color|=| grey}}",
  "image_map2": "Uruguay - Location Map (2013) - URY - UNOCHA.svg",
  "map2_width": "250px",
  "capital": "[[Montevideo]]",
  "coordinates": "{{Coord|34|53|S|56|10|W|type:city}}",
  "largest_city": "capital",
  "languages_type": "[[Official language]]",
  "languages": "[[Spanish language|Spanish]]",
  "languages2_type": "[[Regional language]]",
  "languages2": "[[Uruguayan Portuguese]]",
  "ethnic_groups": "{{unbulleted list\n | 88% [[White Latin American|White]]\n | 8% [[Mestizo]]\n | 4% [[Afro-Uruguayans|Black]]}}",
  "ethnic_groups_year": "2016",
  "religion": "{{ublist |item_style|=|white-space:nowrap; |41% [[Roman Catholicism]] |41% [[Irreligion|Non-religious]] |12% [[Protestantism|Protestant]] |6% Other}}",
  "demonym": "[[Uruguayan people|Uruguayan]], [[Uruguayan people|Oriental]]",
  "government_type": "[[Unitary state|Unitary]] [[Presidential system|presidential]] constitutional republic",
  "leader_title1": "[[President of Uruguay|President]]",
  "leader_name1": "[[Tabar\u00e9 V\u00e1zquez]]",
  "leader_title2": "[[Vice President of Uruguay|Vice President]]",
  "leader_name2": "[[Luc\u00eda Topolansky]]",
  "legislature": "[[General Assembly of Uruguay|General Assembly]]",
  "upper_house": "[[Senate of Uruguay|Senate]]",
  "lower_house": "[[Chamber of Representatives of Uruguay|Chamber of Representatives]]",
  "sovereignty_type": "[[Independence]]",
  "sovereignty_note": "from the [[Empire of Brazil]]",
  "established_event1": "[[Thirty-Three Orientals#Campaign|Declared]]",
  "established_date1": "25 August 1825",
  "established_event2": "[[Treaty of Montevideo (1828)|Recognized]]",
  "established_date2": "27 August 1828",
  "established_event3": "[[Constitution of Uruguay|First Constitution]]",
  "established_date3": "18 July 1830",
  "established_event4": "[[United Nations Charter|Admitted to the]] [[United Nations]]",
  "established_date4": "18 December 1945",
  "area_km2": "176,215",
  "area_rank": "89th",
  "area_sq_mi": "68,037",
  "percent_water": "1.5",
  "population_estimate": "{{UN_Population|Uruguay}} {{UN_Population|ref}}",
  "population_census": "3,480,314",
  "population_estimate_year": "{{UN_Population|Year}}",
  "population_estimate_rank": "99th",
  "population_census_year": "2011",
  "population_density_km2": "19.8",
  "population_density_sq_mi": "48.3",
  "population_density_rank": "99th",
  "GDP_PPP": "$84.628 billion",
  "GDP_PPP_year": "2019",
  "GDP_PPP_rank": "48th",
  "GDP_PPP_per_capita": "$24,051",
  "GDP_PPP_per_capita_rank": "60th",
  "GDP_nominal": "$60.231\t billion",
  "GDP_nominal_year": "2019",
  "GDP_nominal_rank": "28th",
  "GDP_nominal_per_capita": "$17,118",
  "GDP_nominal_per_capita_rank": "43rd",
  "Gini": "39.5",
  "Gini_year": "2017",
  "Gini_change": "decrease",
  "HDI": "0.804",
  "HDI_year": "2017",
  "HDI_change": "increase",
  "HDI_rank": "55th",
  "currency": "[[Uruguayan peso]]",
  "currency_code": "UYU",
  "time_zone": "UYT",
  "utc_offset": "\u22123",
  "drives_on": "right",
  "calling_code": "[[+598]]",
  "cctld": "[[.uy]]",
  "religion_year": "2017"
}