{
  "conventional_long_name": "Bolivarian Republic of Venezuela",
  "common_name": "Venezuela",
  "native_name": "{{native name|es|Rep\u00fablica Bolivariana de Venezuela}}",
  "flag_type": "State flag",
  "flag": "Flag of Venezuela",
  "image_flag": "File:Flag of Venezuela (state).svg",
  "image_coat": "File:Coat of arms of Venezuela.svg",
  "national_motto": "''[[Dios y Federaci\u00f3n]]''<br />( {{lang-en|\"God and Federation\"}} )",
  "national_anthem": "''[[Gloria al Bravo Pueblo]]''<br />( {{lang-en|\"Glory to the Brave People\"}} )<div style=\"padding-top:0.5em;\">[[File:United States Navy Band - Gloria al Bravo Pueblo.ogg|center]]</div>",
  "image_map": "Venezuela Orthographic Map.svg",
  "map_caption": "Land controlled by Venezuela shown in dark green; claimed but uncontrolled land shown in light green.",
  "capital": "[[Caracas]]",
  "coordinates": "{{Coord|10|30|N|66|55|W|type:city}}",
  "largest_city": "[[Caracas]]",
  "official_languages": "[[Venezuelan Spanish|Spanish]]<sup>b</sup>",
  "ethnic_groups": "{{unbulleted list\n  | 51.6% [[Mestizos in Venezuela|Mestizo]]\n  | 43.6% [[Venezuelan of European descent|European (White)]]\n  | 3.6% [[Afro-Venezuelan|African (Black)]]\n  | 1.2% [[Indigenous peoples in Venezuela|Amerindians]] and Others}}",
  "ethnic_groups_year": "2011",
  "religion": "{{nowrap|71% [[Roman Catholicism|Catholic]]<br />17% [[Protestant]]<br />8% [[Irreligious]]<br />3% Other religion<br />1% No answer}}",
  "religion_year": "2012",
  "demonym": "[[Venezuelans|Venezuelan]]",
  "government_type": "[[Federal state|Federal]] [[Presidential system|presidential]] [[Republic|constitutional republic]]",
  "leader_title1": "[[President of Venezuela|President]]",
  "leader_name1": "*[[Nicol\u00e1s Maduro]]<br />(Disputed) {{refn|group|=|\"n\"|Recognized as president by the [[2017 Constituent National Assembly|National Constituent Assembly]], the [[Supreme Tribunal of Justice (Venezuela)|Supreme Tribunal of Justice]], the [[National Electoral Council (Venezuela)|National Electoral Council]] and the [[National Bolivarian Armed Forces of Venezuela|National Bolivarian Armed Forces]].}} *[[Juan Guaid\u00f3]]<br />(Disputed) {{refn|group|=|\"n\"|Recognized as president by the [[National Assembly (Venezuela)|National Assembly]] and the [[Supreme Tribunal of Justice of Venezuela in exile|Supreme Tribunal in Exile]].}}",
  "leader_title2": "[[Vice President of Venezuela|Vice President]]",
  "leader_name2": "[[Delcy Rodr\u00edguez]] (constitutional position [[2019 Venezuelan presidential crisis|disputed]])",
  "legislature": "[[National Assembly (Venezuela)|National Assembly]]<br />[[Constituent Assembly of Venezuela|Constituent Assembly]] (disputed)",
  "sovereignty_type": "[[Independence]]",
  "established_event1": "from [[Spain]]",
  "established_date1": "5 July 1811",
  "established_event2": "{{nowrap|from [[Gran Colombia]]}}",
  "established_date2": "13 January 1830",
  "established_event3": "Recognized",
  "established_date3": "29 March 1845",
  "established_event4": "[[United Nations Charter|Admitted to the]] [[United Nations]]",
  "established_date4": "15 November 1945",
  "established_event5": "{{nowrap|[[Fifth Republic of Venezuela|Current constitution]]}}",
  "established_date5": "15 December 1999",
  "area_km2": "916,445",
  "area_rank": "32nd",
  "area_sq_mi": "353,841",
  "percent_water": "3.2% {{ref label|area|d|none}}",
  "population_estimate": "{{increase}} {{UN_Population|Venezuela (Bolivarian Republic of)}} {{UN_Population|ref}} (government)<br />28,067,000 ([[International Monetary Fund|IMF]])",
  "population_estimate_year": "{{UN_Population|Year}}",
  "population_estimate_rank": "44th",
  "population_density_km2": "33.74",
  "population_density_sq_mi": "87.42",
  "population_density_rank": "181st",
  "GDP_PPP": "n/a",
  "GDP_PPP_year": "2019",
  "GDP_PPP_per_capita": "n/a",
  "GDP_nominal": "{{decrease}} $76.458 billion",
  "GDP_nominal_year": "2019",
  "GDP_nominal_rank": "51st",
  "GDP_nominal_per_capita": "{{decrease}} $2,724",
  "GDP_nominal_per_capita_rank": "93rd",
  "Gini": "44.8",
  "Gini_year": "2013",
  "Gini_change": "increase",
  "HDI": "0.761",
  "HDI_year": "2017",
  "HDI_change": "decrease",
  "HDI_rank": "78th",
  "currency": "{{unbulleted list\n  | [[Petro (cryptocurrency)|Petro]]\n  | [[Venezuelan bol\u00edvar|Bol\u00edvar Soberano]]}}",
  "currency_code": "VES",
  "time_zone": "[[Time in Venezuela|VET]]",
  "utc_offset": "\u22124",
  "date_format": "dd/mm/yyyy ([[Common Era|CE]])",
  "drives_on": "right",
  "calling_code": "[[+58]]",
  "cctld": "[[.ve]]",
  "footnote_a": "{{note label|name|a|none}} The \"Bolivarian Republic of Venezuela\" has been the full official title since the adoption of the [[Constitution of Venezuela|Constitution of 1999]], when the state was renamed in honor of [[Sim\u00f3n Bol\u00edvar]].",
  "footnote_b": "{{note label|languages|b|none}} The Constitution also recognizes all [[Indigenous languages of the Americas|indigenous languages]] spoken in the country.",
  "footnote_c": "{{note label|groups|c|none}} Some important subgroups include those of [[Spanish Venezuelan|Spanish]], [[Italo-Venezuelans|Italian]], [[Indigenous peoples in Venezuela|Amerindian]], [[Afro-Venezuelan|African]], [[Portuguese Venezuelan|Portuguese]], [[Arab Venezuelan|Arab]] and [[German Venezuelan|German]] descent.",
  "footnote_d": "{{note label|area|d|none}} Area totals include only Venezuelan-administered territory.",
  "footnote_e": "{{note label|currency|e|none}} On 20 August 2018, a new bolivar was introduced, the ''Bol\u00edvar soberano'' (ISO 4217 code VES) worth 100,000 VEF.",
  "recognized_regional_languages": "{{collapsible list\n  |titlestyle |=| background:transparent;text-align:left;font-weight:normal;\n  |title |=| [[Languages of Venezuela|26 languages]]\n  |liststyle |=| border-top:1px solid #aaa;\n  | [[Piapoco language|Piapoco]]<br />[[Baniwa of I\u00e7ana|Baniwa]]<br />[[Arawak language|Locono]]<br />[[Wayuu language|Way\u00fau]]<br />[[Warao language|Warao]]<br />[[Pemon language|Pem\u00f3n]]<br />[[Panare language|Panare]]<br />[[Ye'kuana language|Yek'uana]]<br />[[Yukpa language|Yukpa]]<br />[[Carib language|Carib]]<br />[[Kap\u00f3ng language|Akawaio]]<br />[[Japreria language|Japrer\u00eda]]<br />[[Mapoyo-Yabarana language|Mapoyo]]<br />[[Mapoyo-Yabarana language|Yawarana]]<br />[[Hod\u00ef language|Hod\u00ef]]<br />[[Puinave language|Puinave]]<br />[[Guahibo language|Jivi]]<br />[[Bar\u00ed language|Bar\u00ed]]<br />[[Arutani language|Uruak]]<br />[[Sap\u00e9 language|Sap\u00e9]]<br />[[Yaruro language|Pum\u00e9]]<br />[[Piaroa language|Piaroa]]<br /> [[Yanomam\u00f6 language|Yanomam\u00f6]]<br />[[Sanum\u00e1 language|Sanem\u00e1]]<br />[[Ninam language|Yanam]]<br />[[Nheengatu language|Yeral]]}}"
}