{
  "conventional_long_name": "Commonwealth of Australia",
  "common_name": "Australia",
  "image_flag": "Flag of Australia (converted).svg",
  "alt_flag": "A blue field with the Union Flag in the upper hoist quarter, a large white seven-pointed star in the lower hoist quarter, and constellation of five white stars in the fly \u2013 one small five-pointed star and four, larger, seven-pointed stars.",
  "image_coat": "Coat of Arms of Australia.svg",
  "national_anthem": "[[Advance Australia Fair]] {{lower|0.2em|refn|Australia's [[royal anthem]] is \"[[God Save the Queen]]\", played in the presence of a member of the [[House of Windsor|Royal family]] when they are in Australia. In other contexts, the [[national anthem]] of Australia, \"[[Advance Australia Fair]]\", is played.|ref|{{cite web |url=http://www.itsanhonour.gov.au/symbols/anthem.cfm |title=Australian National Anthem |dead-url=yes |archive-url= https://web.archive.org/web/20070701124616/http://www.itsanhonour.gov.au/symbols/anthem.cfm |archive-date=1 July 2007}}<br />{{cite web |url=http://dfat.gov.au/about-us/publications/corporate/protocol-guidelines/Pages/16-other-matters.aspx#163 |title=16. Other matters \u2013 16.3 Australian National Anthem |archive-url=https://web.archive.org/web/20150923173124/http://dfat.gov.au/about-us/publications/corporate/protocol-guidelines/Pages/16-other-matters.aspx |archive-date=23 September 2015}}<br />{{cite book |title=Parliamentary Handbook of the Commonwealth of Australia |edition=29th |origyear=2002 |year=2005 |chapter=National Symbols |chapterurl=https://web.archive.org/web/20070611101901/http://www.aph.gov.au/library/handbook/40thparl/national+symbols.pdf |accessdate=7 June 2007 |deadurl=yes |archiveurl=https://web.archive.org/web/20070611101901/http://www.aph.gov.au/library/handbook/40thparl/national+symbols.pdf |archivedate=11 June 2007|url=http://www.aph.gov.au/library/handbook/40thparl/national+symbols.pdf }}|</ref>|name|=|\"anthem explanation\"|group|=|\"N\"|<!--end lower:-->}} <br /> <div style=\"display:inline-block;margin-top:0.4em;\"> {{refn|Australia's [[royal anthem]] is \"[[God Save the Queen]]\", played in the presence of a member of the [[House of Windsor|Royal family]] when they are in Australia. In other contexts, the [[national anthem]] of Australia, \"[[Advance Australia Fair]]\", is played.|ref|{{cite web |url=http://www.itsanhonour.gov.au/symbols/anthem.cfm |title=Australian National Anthem |dead-url=yes |archive-url= https://web.archive.org/web/20070701124616/http://www.itsanhonour.gov.au/symbols/anthem.cfm |archive-date=1 July 2007}}<br />{{cite web |url=http://dfat.gov.au/about-us/publications/corporate/protocol-guidelines/Pages/16-other-matters.aspx#163 |title=16. Other matters \u2013 16.3 Australian National Anthem |archive-url=https://web.archive.org/web/20150923173124/http://dfat.gov.au/about-us/publications/corporate/protocol-guidelines/Pages/16-other-matters.aspx |archive-date=23 September 2015}}<br />{{cite book |title=Parliamentary Handbook of the Commonwealth of Australia |edition=29th |origyear=2002 |year=2005 |chapter=National Symbols |chapterurl=https://web.archive.org/web/20070611101901/http://www.aph.gov.au/library/handbook/40thparl/national+symbols.pdf |accessdate=7 June 2007 |deadurl=yes |archiveurl=https://web.archive.org/web/20070611101901/http://www.aph.gov.au/library/handbook/40thparl/national+symbols.pdf |archivedate=11 June 2007|url=http://www.aph.gov.au/library/handbook/40thparl/national+symbols.pdf }}|</ref>|name|=|\"anthem explanation\"|group|=|\"N\"}} {{center|[[File: U.S. Navy Band, Advance Australia Fair (instrumental).ogg]]}} </div>",
  "image_map": "Australia with AAT (orthographic_projection).svg",
  "map_caption": "Commonwealth of Australia, including the [[Australian Antarctic Territory|Australian territorial claim in the Antarctic]]",
  "alt_map": "A map of the eastern hemisphere centred on Australia, using an orthographic projection.",
  "capital": "[[Canberra]]",
  "coordinates": "{{Coord|35|18|29|S|149|07|28|E|type:city_region:AU}}",
  "largest_city": "[[Sydney]]",
  "languages_type": "[[National language]]",
  "languages": "[[Australian English|English]] {{refn|English does not have ''[[de jure]]'' status.|ref| name=language|name|=|\"languages\"|group|=|\"N\"}}",
  "demonym": "{{hlist|[[Australians|Australian]] <br />[[Aussie]] (colloquial)|ref|See entry in the [[Macquarie Dictionary]].|</ref>|ref|{{cite book |title=Collins English Dictionary |year=2009 |publisher=[[HarperCollins]] |location=Bishopbriggs, Glasgow |isbn=978-0-00-786171-2 |page=18 |title-link=Collins English Dictionary }}|</ref>|<!--end hlist:-->}}",
  "religion": "{{Collapsible list\n |titlestyle |=| background:transparent;text-align:left;font-weight:normal;font-size:100%;\n |title |=| [[Religion in Australia|Various]]\n |52% [[Christianity in Australia|Christianity]] |<!--3rd  paragraph of ref-->|\n |30.1% [[Irreligion in Australia|No religion]]\n |2.6% [[Islam in Australia|Islam]]\n |2.4% [[Buddhism in Australia|Buddhism]] \n |1.9% [[Hinduism in Australia|Hinduism]] \n |1.3% [[Religion in Australia#Other religions|Other]] \n |9.7% Not stated or unclear}}",
  "religion_year": "2016",
  "government_type": "[[Federalism|Federal]] [[parliamentary system|parliamentary]] [[constitutional monarchy]]",
  "leader_title1": "[[Monarchy of Australia|Monarch]]",
  "leader_name1": "[[Elizabeth II]]",
  "leader_title2": "{{nowrap|[[Governor-General of Australia|Governor-General]]}}",
  "leader_name2": "[[David Hurley]]",
  "leader_title3": "[[Prime Minister of Australia|Prime Minister]]",
  "leader_name3": "[[Scott Morrison]]",
  "leader_title4": "[[Chief Justice of Australia|Chief Justice]]",
  "leader_name4": "[[Susan Kiefel]]",
  "legislature": "[[Parliament of Australia|Parliament]]",
  "upper_house": "[[Australian Senate|Senate]]",
  "lower_house": "[[Australian House of Representatives|House of Representatives]]",
  "sovereignty_type": "Independence",
  "sovereignty_note": "from the [[United Kingdom]]",
  "established_event1": "[[Federation of Australia|Federation]], [[Constitution of Australia|Constitution]]",
  "established_date1": "1 January 1901",
  "established_event2": "[[Statute of Westminster Adoption Act 1942|Statute of Westminster Adoption Act]]",
  "established_date2": "{{nowrap|9 October 1942 |small|(with effect<br />from 3 September 1939)}} {{small|(with effect<br />from 3 September 1939)}}",
  "established_event3": "[[Australia Act 1986|Australia Act]]",
  "established_date3": "3 March 1986",
  "area_km2": "7692024",
  "area_rank": "6th",
  "percent_water": "0.76",
  "population_estimate": "{{data Australia|poptoday|formatnum}}",
  "population_census": "23,401,892",
  "population_estimate_year": "{{CURRENTYEAR}}",
  "population_estimate_rank": "51st",
  "population_census_year": "2016",
  "population_density_km2": "{{#expr:|Data Australia|poptoday| / 7692024 round 1}} {{Data Australia|poptoday}} / 7692024 round 1",
  "population_density_rank": "236th",
  "GDP_PPP": "{{nowrap|[[USD|$]]1.313 trillion|ref| name=IMF|{{cite web |url=http://www.imf.org/external/pubs/ft/weo/2018/01/weodata/weorept.aspx?pr.x=70&pr.y=7&sy=2018&ey=2018&scsm=1&ssd=1&sort=country&ds=.&br=1&c=193%2C946%2C122%2C137%2C124%2C546%2C156%2C181%2C423%2C138%2C935%2C196%2C128%2C142%2C939%2C182%2C172%2C359%2C132%2C135%2C134%2C576%2C174%2C936%2C532%2C961%2C176%2C184%2C178%2C144%2C436%2C146%2C136%2C528%2C158%2C112%2C542%2C111%2C941&s=NGDPD%2CPPPGDP%2CNGDPDPC%2CPPPPC&grp=0&a= |title=Australia |publisher=International Monetary Fund |date=April 2018 |accessdate=22 April 2018}}|</ref>}}",
  "GDP_PPP_year": "2018",
  "GDP_PPP_rank": "19th",
  "GDP_PPP_per_capita": "$52,191",
  "GDP_PPP_per_capita_rank": "17th",
  "GDP_nominal": "{{nowrap|[[USD|$]]1.500 trillion|ref| name=IMF}}",
  "GDP_nominal_year": "2018",
  "GDP_nominal_rank": "13th",
  "GDP_nominal_per_capita": "$59,655",
  "GDP_nominal_per_capita_rank": "10th",
  "Gini": "33.0",
  "Gini_year": "2016",
  "Gini_change": "decrease",
  "Gini_rank": "22nd",
  "HDI": "0.939",
  "HDI_year": "2017",
  "HDI_change": "increase",
  "HDI_rank": "3rd",
  "currency": "[[Australian dollar]]",
  "currency_code": "AUD",
  "time_zone": "[[Time in Australia|Various]]",
  "utc_offset": "+8; +9.5; +10",
  "utc_offset_DST": "+8; +9.5; +10;<br /> +10.5; +11",
  "time_zone_DST": "[[Time in Australia|Various]]",
  "date_format": "{{abbr|dd|day}} / {{abbr|mm|month}} / {{abbr|yyyy|year}} <br /> {{abbr|yyyy|year}} - {{abbr|mm|month}} - {{abbr|dd|day}}",
  "drives_on": "[[Right- and left-hand traffic#Australia|left]]",
  "calling_code": "[[+61]]",
  "cctld": "[[.au]]"
}