{
  "coordinates": "{{Coord|6|55|N|158|11|E|type:city}}",
  "languages_type": "Official language<br /> {{nobold|and national language}} <sup>a</sup>",
  "languages2_type": "Recognized regional<br/>languages",
  "leader_name2": "[[Yosiwo George]]",
  "conventional_long_name": "Federated States of Micronesia",
  "image_flag": "Flag of Federated States of Micronesia.svg",
  "image_coat": "Seal of the Federated States of Micronesia.svg",
  "common_name": "the Federated States of Micronesia",
  "symbol_type": "Seal",
  "national_motto": "\"Peace, Unity, Liberty\"",
  "national_anthem": "\"[[Patriots of Micronesia]]\"<br /><div style=\"padding-top:0.5em;\" class=\"center\">[[File:Full performance of the Micronesian national anthem by the U.S. Navy Band.wav]]</div>",
  "image_map": "Micronesia on the globe (small islands magnified) (Polynesia centered).svg",
  "capital": "[[Palikir]]",
  "largest_settlement": "[[Weno]]",
  "largest_settlement_type": "town",
  "languages": "[[English language|English]] (U.S. English in legal contexts, Micronesian Pidgin in other, including formal contexts such as education)",
  "languages2": "{{hlist |[[Chuukese language|Chuukese]] |[[Kosraean language|Kosraean]] |[[Pohnpeian language|Pohnpeian]] |[[Yapese language|Yapese]]}}",
  "ethnic_groups": "{{unbulleted list\n  | 48.8% [[Chuukese people|Chuukese]]\n  | 24.2% Pohnpeian\n  |  6.2% Kosraean\n  |  5.2% Yapese\n  |  4.5% Outer Yapese\n  |  1.8% [[Asian people|Asian]]\n  |  1.5% [[Polynesians|Polynesian]]\n  |  6.4% Other\n  |  1.4% Unknown}}",
  "ethnic_groups_year": "2000",
  "demonym": "Micronesian",
  "government_type": "[[Federation|Federal]] [[parliamentary republic]] under a [[non-partisan democracy]]",
  "leader_title1": "[[President of the Federated States of Micronesia|President]]",
  "leader_name1": "[[David W. Panuelo|David Panuelo]]",
  "leader_title2": "[[Vice President of the Federated States of Micronesia|Vice President]]",
  "legislature": "[[Congress of the Federated States of Micronesia|Congress]]",
  "established_event1": "[[Compact of Free Association|Compact of Free&nbsp;Association]]",
  "sovereignty_type": "Independence",
  "sovereignty_note": "from the [[United States]]",
  "established_date1": "November 3, 1986",
  "area_km2": "702",
  "area_rank": "177th",
  "area_sq_mi": "271",
  "percent_water": "negligible",
  "population_estimate": "{{UN_Population|Micronesia (Fed. States of)}} {{UN_Population|ref}}",
  "population_estimate_year": "{{UN_Population|Year}}",
  "population_estimate_rank": "192nd",
  "population_density_km2": "158.1",
  "population_density_rank": "75th",
  "population_density_sq_mi": "409.6",
  "GDP_PPP": "$367 million",
  "GDP_PPP_year": "2019",
  "GDP_PPP_per_capita": "$3,584",
  "GDP_nominal": "$383 million",
  "GDP_nominal_year": "2019",
  "GDP_nominal_per_capita": "$3,735",
  "Gini": "40.1",
  "Gini_year": "2013",
  "HDI": "0.638",
  "HDI_year": "2015",
  "HDI_change": "increase",
  "HDI_rank": "127th",
  "currency": "[[United States dollar]]",
  "currency_code": "USD",
  "utc_offset": "+10 and +11",
  "time_zone_DST": "''not observed''",
  "date_format": "MM/DD/YYYY",
  "drives_on": "right",
  "calling_code": "[[Telephone numbers in the Federated States of Micronesia|+691]]",
  "iso3166code": "FM",
  "cctld": "[[.fm]]",
  "footnote_a": "Regional languages used at state and municipal levels."
}