{
  "conventional_long_name": "Republic of Fiji",
  "native_name": "{{unbulleted list |item_style|=|font-size:88%;\n | |native name|fj|Matanitu Tugalala o Viti|\n | \u092b\u093c\u093f\u091c\u0940 \u0917\u0923\u0930\u093e\u091c\u094d\u092f|nbsp|2|small|nobold|([[Fiji Hindi]])|}} {{native name|fj|Matanitu Tugalala o Viti}} {{nbsp|2}} {{small|nobold|([[Fiji Hindi]])}} {{nobold|([[Fiji Hindi]])}}",
  "common_name": "Fiji",
  "image_flag": "Flag of Fiji.svg",
  "image_coat": "Coat of Arms Fiji.svg",
  "image_map": "Fiji (orthographic projection).svg",
  "image_map2": "Fiji - Location Map (2013) - FJI - UNOCHA.svg",
  "national_motto": "{{native phrase|fj|\"Rerevaka na Kalou ka Doka na Tui\"|italics|=|off|nolink|=| yes}} <br /> {{small|\"Fear God and honour the Queen|ref|{{cite web|url= http://www.fijihighcommission.org.uk/about.html|title= About Fiji \u2013 History, Government and Economy|website= www.fijihighcommission.org.uk}}|</ref>| \"}} \"",
  "national_anthem": "''[[God Bless Fiji]]''<br /><center>[[File:Fiji National Anthem.ogg|God Bless Fiji]]</center>",
  "languages_type": "[[Official language]]s <br>[[Regional language]]",
  "languages": "{{unbulleted list|[[English language|English]]|[[Fijian language|Fijian]]|[[Fiji Hindi]]<br>[[Rotuman language|Rotuman]]}}",
  "demonym": "Fijian",
  "capital": "[[Suva]]",
  "coordinates": "{{Coord|18|10|S|178|27|E|type:city}}",
  "largest_city": "capital",
  "government_type": "[[Unitary state|Unitary]] [[Parliamentary system|parliamentary]] [[Republic|constitutional republic]]",
  "leader_title1": "[[President of Fiji|President]]",
  "leader_name1": "[[Jioji Konrote]]",
  "leader_title2": "[[Prime Minister of Fiji|Prime Minister]]",
  "leader_name2": "[[Frank Bainimarama]]",
  "leader_title3": "[[Parliament of Fiji|Speaker of the Parliament]]",
  "leader_name3": "[[Epeli Nailatikau]]",
  "legislature": "[[Parliament of Fiji|Parliament]]",
  "area_rank": "151st",
  "area_km2": "18,274",
  "area_sq_mi": "7,056",
  "percent_water": "negligible",
  "population_estimate": "912,241",
  "population_estimate_rank": "161st",
  "population_estimate_year": "2018",
  "population_density_km2": "46.4",
  "population_density_sq_mi": "120.3",
  "population_density_rank": "148th",
  "population_census": "884,887",
  "population_census_year": "2017",
  "ethnic_groups": "{{unbulleted list\n  |  56.8% [[Fijians|''iTaukei'']] (indigenous Fijians)\n  |  37.5% [[Indo-Fijians|Indian]]\n  |  1.2% [[Rotumans]]\n  |  4.5% Others (European, part European, other [[Pacific Islander]]s, [[Chinese in Fiji|Chinese]])}}",
  "ethnic_groups_year": "2016",
  "religion": "{{ublist |item_style|=| white-space:nowrap; | 64.4% [[Christianity]] |27.9% [[Hinduism]] | 7.7% Other religions}}",
  "religion_year": "2007",
  "GDP_PPP": "$9.112 billion",
  "GDP_PPP_year": "2018",
  "GDP_PPP_per_capita": "$10,251",
  "GDP_nominal": "$5.223 billion",
  "GDP_nominal_year": "2018",
  "GDP_nominal_per_capita": "$5,876",
  "sovereignty_type": "Independence",
  "established_event1": "from the [[United Kingdom]]",
  "established_date1": "10 October 1970",
  "established_event2": "Republic",
  "established_date2": "7 October 1987",
  "Gini_year": "2013",
  "Gini": "36.4",
  "HDI_year": "2017",
  "HDI_change": "increase",
  "HDI": "0.741",
  "HDI_rank": "92nd",
  "currency": "[[Fijian dollar]]",
  "currency_code": "FJD",
  "time_zone": "FJT",
  "utc_offset": "+12",
  "time_zone_DST": "FJST",
  "utc_offset_DST": "+13",
  "drives_on": "[[Right- and left-hand traffic|left]]",
  "calling_code": "[[+679]]",
  "cctld": "[[.fj]]"
}