{
  "conventional_long_name": "Republic of the Marshall Islands",
  "common_name": "Marshall Islands",
  "native_name": "{{native name|mh|Aolep\u0101n Aor\u014dkin M\u0327aje\u013c}}",
  "image_flag": "Flag of the Marshall Islands.svg",
  "image_coat": "Coats of arms of the Marshall Islands.svg",
  "symbol_type": "Seal",
  "national_motto": "{{lang|mh|\"Jepilpilin ke ejukaan\"}} <br /> {{small|\"Accomplishment through joint effort\"}}",
  "national_anthem": "\" {{native name|en|[[Forever Marshall Islands]]!}} \"<br /><div style=\"padding-top:0.5em;\" class=\"center\">[[File:National Anthem of Marshall Islands by US Navy Band.ogg]]</div>",
  "image_map": "Marshall Islands on the globe (small islands magnified) (Polynesia centered).svg",
  "image_map2": "Marshall Islands - Location Map (2013) - MHL - UNOCHA.svg",
  "capital": "[[Majuro]]",
  "coordinates": "{{Coord|7|7|N|171|4|E|type:city}}",
  "largest_city": "capital",
  "official_languages": "{{unbulleted list |[[English language|English]] | [[Marshallese language|Marshallese]]}}",
  "ethnic_groups": "{{unbulleted list |92.1% Marshallese |nowrap|5.9% Mixed Marshallese| |2% Others}} {{nowrap|5.9% Mixed Marshallese}}",
  "ethnic_groups_year": "2006",
  "demonym": "Marshallese",
  "government_type": "[[Unitary state|Unitary]] [[parliamentary republic]]",
  "leader_title1": "[[President of the Marshall Islands|President]]",
  "leader_name1": "[[Hilda Heine]]",
  "leader_title2": "[[Legislature of the Marshall Islands|Speaker]]",
  "leader_name2": "[[Kenneth Kedi]]",
  "legislature": "[[Legislature of the Marshall Islands|Nitijela]]",
  "sovereignty_type": "[[Independence]]",
  "sovereignty_note": "from the [[United States]]",
  "established_event1": "Self-government",
  "established_date1": "1979",
  "established_event2": "[[Compact of Free Association]]",
  "established_date2": "October 21, 1986",
  "area_km2": "181.43",
  "area_rank": "189th",
  "area_sq_mi": "70",
  "percent_water": "n/a {{small|(|color|gray|negligible|)}} {{color|gray|negligible}} )",
  "population_estimate": "{{UN_Population|Marshall Islands}} {{UN_Population|ref}}",
  "population_census": "53,158",
  "population_estimate_year": "{{UN_Population|Year}}",
  "population_estimate_rank": "203rd",
  "population_census_year": "2011",
  "population_density_km2": "293.0",
  "population_density_sq_mi": "885.7",
  "population_density_rank": "28th",
  "GDP_PPP": "$215 million",
  "GDP_PPP_year": "2019",
  "GDP_PPP_per_capita": "$3,789",
  "GDP_nominal": "$220 million",
  "GDP_nominal_year": "2019",
  "GDP_nominal_per_capita": "$3,866",
  "currency": "[[United States dollar]]",
  "currency_code": "USD",
  "time_zone": "MHT",
  "utc_offset": "+12",
  "date_format": "MM/DD/YYYY",
  "drives_on": "right",
  "calling_code": "[[+692]]",
  "cctld": "[[.mh]]",
  "footnote_a": "2005 estimate.",
  "status": "Sovereign state in [[Associated state|free association]] with the United States"
}