{
  "conventional_long_name": "Independent State of Samoa",
  "common_name": "Samoa",
  "native_name": "{{native name|sm|Malo Sa|okina|oloto Tuto|okina|atasi o S\u0101moa<wbr />}} {{okina}} oloto Tuto {{okina}} atasi o S\u0101moa<wbr />",
  "image_flag": "Flag of Samoa.svg",
  "image_coat": "Coat of arms of Samoa.svg",
  "symbol_type": "Coat of arms",
  "national_motto": "\"Fa\u02bbavae i le [[Atua]] S\u0101moa\"<br /> {{small|\"Samoa is founded on God\"}}",
  "national_anthem": "''[[The Banner of Freedom|O le fu\u02bba o le sa\u02bbolotoga o Samoa]]''<br /> {{small|\"The Banner of Freedom\"}} <br />[https://www.youtube.com/watch?v=oONi_M-Flpw The National Anthem of Samoa]",
  "image_map": "Samoa on the globe (Polynesia centered).svg",
  "image_map2": "Samoa - Location Map (2013) - WSM - UNOCHA.svg",
  "capital": "[[Apia]]",
  "coordinates": "{{Coord|13|50|S|171|45|W|type:city}}",
  "largest_city": "Apia",
  "official_languages": "{{unbulleted list |[[English language|English]]|[[Samoan language|Samoan]]}}",
  "religion": "[[Christianity]] ([[#Religion|official]])",
  "ethnic_groups": "{{unbulleted list\n  |  92.6% [[Samoans]]\n  |  7.0% [[Euronesian]]s\n  |  0.4% [[Europeans]]\n  |  0.1% [[East Asian]]|ref| name=cia|{{cite web |url=https://www.cia.gov/library/publications/the-world-factbook/geos/ws.html |title=Samoa |work=CIA \u2013 The World Factbook}}|</ref>|}}",
  "ethnic_groups_year": "2001",
  "demonym": "[[Samoans|Samoan]]",
  "government_type": "[[Unitary state|Unitary]] [[Dominant-party system|dominant-party]] [[Parliamentary system|parliamentary democracy]] with a trace of [[Fa'amatai|aristocracy]]",
  "leader_title1": "[[O le Ao o le Malo]]",
  "leader_name1": "[[Va'aletoa Sualauvi II]]<sup>a</sup>",
  "leader_title2": "[[Prime Minister of Samoa|Prime Minister]]",
  "leader_name2": "[[Tuilaepa Aiono Sailele Malielegaoi]]",
  "legislature": "[[Legislative Assembly of Samoa|Legislative Assembly]]",
  "sovereignty_type": "Independence from [[New Zealand]]",
  "established_event1": "[[Treaty of Berlin (1889)|Treaty of Berlin]]",
  "established_date1": "14 June 1889",
  "established_event2": "[[Tripartite Convention]]",
  "established_date2": "16 February 1900",
  "established_event3": "[[German Samoa|Colonisation by Germany]]",
  "established_date3": "1 March 1900",
  "established_event4": "[[Western Samoa Trust Territory|Colonisation by New Zealand]]",
  "established_date4": "30 August 1914",
  "established_event5": "League mandate",
  "established_date5": "17 December 1920",
  "established_event6": "UN trusteeship",
  "established_date6": "13 December 1946",
  "established_event7": "Western Samoa Act 1961",
  "established_date7": "1 January 1962",
  "established_event8": "[[United Nations Security Council Resolution 399|Admitted to the]] [[United Nations]]",
  "established_date8": "15 December 1976",
  "area_km2": "2,842",
  "area_rank": "167th",
  "area_sq_mi": "1097",
  "percent_water": "0.3",
  "population_census": "195,843",
  "population_census_year": "November 2016",
  "population_density_km2": "68",
  "population_density_sq_mi": "175",
  "GDP_PPP": "$1.188 billion",
  "GDP_PPP_year": "2018",
  "GDP_PPP_per_capita": "$5,962",
  "GDP_nominal": "$881 million",
  "GDP_nominal_year": "2018",
  "GDP_nominal_per_capita": "$4,420",
  "HDI": "0.702",
  "HDI_year": "2014",
  "HDI_change": "increase",
  "HDI_rank": "105th",
  "currency": "WS[[Dollar sign|$]] {{sup|b}} , [[Samoan tala|Tala]]",
  "currency_code": "WST",
  "time_zone": "[[UTC+13:00]]",
  "utc_offset": "+13<sup>c</sup>",
  "utc_offset_DST": "+14",
  "time_zone_DST": "[[UTC+14:00]]",
  "date_format": "DD/MM/YYYY",
  "drives_on": "left<sup>d</sup>",
  "calling_code": "[[+685]]",
  "cctld": "[[.ws]]",
  "footnote_a": "Head of state.",
  "footnote_b": "Symbols SAT, ST or T are in use as well. The terms t\u0101l\u0101 and sene are the English words ''dollar'' and ''cent'' in the [[Samoan language]].",
  "footnote_c": "Since 31 December 2011.",
  "footnote_d": "Since 7 September 2009. Although driving is on the left side of the roadway centre line, Samoa allows cars with steering wheels on either the left or the right side of the vehicle to use the roads."
}