{
  "conventional_long_name": "Solomon Islands",
  "common_name": "Solomon Islands",
  "image_flag": "Flag of the Solomon Islands.svg",
  "image_coat": "Coat_of_arms_of_the_Solomon_Islands.svg",
  "image_map": "Solomon Islands on the globe (Oceania centered).svg",
  "image_map2": "Solomon Islands - Location Map (2012) - SLB - UNOCHA.svg",
  "national_motto": "\"To Lead is to Serve\"",
  "national_anthem": "\"[[God Save Our Solomon Islands]]\"",
  "royal_anthem": "\"[[God Save the Queen]]\"",
  "capital": "[[Honiara]]",
  "official_languages": "[[English language|English]]",
  "ethnic_groups": "{{unbulleted list| 94.5% [[Melanesians|Melanesian]] | 3.0% [[Polynesians|Polynesian]] | 1.2% [[Micronesian people|Micronesian]] | 1.1% Others | 0.2% Unspecified}}",
  "ethnic_groups_year": "1999",
  "coordinates": "{{Coord|9|28|S|159|49|E|type:city}}",
  "largest_city": "capital",
  "government_type": "[[Unitary state|Unitary]] [[Parliamentary system|parliamentary]] [[constitutional monarchy]]",
  "leader_title1": "[[Monarchy of Solomon Islands|Monarch]]",
  "leader_name1": "[[Elizabeth II]]",
  "leader_title2": "[[Governor-General of Solomon Islands|Governor-General]]",
  "leader_name2": "[[David Vunagi]]",
  "leader_title3": "[[Prime Minister of Solomon Islands|Prime Minister]]",
  "leader_name3": "[[Manasseh Sogavare]]",
  "legislature": "[[National Parliament of Solomon Islands|National Parliament]]",
  "sovereignty_type": "Independence",
  "established_event1": "from the [[United Kingdom]]",
  "established_date1": "7 July 1978",
  "area_rank": "139th",
  "area_km2": "28,400",
  "area_sq_mi": "10,965",
  "percent_water": "3.2%",
  "population_estimate": "{{UN_Population|Solomon Islands}} {{UN_Population|ref}}",
  "population_estimate_rank": "162nd",
  "population_estimate_year": "{{UN_Population|Year}}",
  "population_density_km2": "18.1",
  "population_density_sq_mi": "46.9",
  "population_density_rank": "200th",
  "GDP_PPP": "$1.479 billion",
  "GDP_PPP_year": "2019",
  "GDP_PPP_per_capita": "$2,307",
  "GDP_nominal": "$1.511 billion",
  "GDP_nominal_year": "2019",
  "GDP_nominal_per_capita": "$2,357",
  "HDI_year": "2015",
  "HDI_change": "increase",
  "HDI": "0.515",
  "HDI_rank": "156th",
  "demonym": "Solomon Islander",
  "currency": "[[Solomon Islands dollar]]",
  "currency_code": "SBD",
  "utc_offset": "+11",
  "drives_on": "[[Right- and left-hand traffic|left]]",
  "calling_code": "[[+677]]",
  "cctld": "[[.sb]]"
}